{
  "alpha": 0.1,
  "coverage": {
    "0": 0.9129593810444874,
    "1": 0.9310344827586207,
    "2": 0.9099099099099099,
    "3": 0.9333333333333333
  },
  "q_hat": {
    "0": 0.5139829137108541,
    "1": 0.8764966130256654,
    "2": 0.9547717104087005,
    "3": 0.7557924230893452
  }
}