{
  "blend": 0.1,
  "rng_seed": 20260407,
  "baseline": {
    "mrr": 0.3143235182218264,
    "recall_at_5": 0.5433070866141733,
    "roc_auc": 0.650043254397122,
    "n_anchors": 381
  },
  "features": {
    "mitigation_lexical_match": {
      "n": 381,
      "blended_score": {
        "mrr": 0.3259199853301046,
        "recall_at_5": 0.5406824146981627,
        "roc_auc": 0.658736775550115,
        "n_anchors": 381
      },
      "ci": {
        "mrr": [
          0.32568221139523307,
          0.2943031990074054,
          0.356398480545678
        ],
        "recall_at_5": [
          0.5402152230971128,
          0.4881889763779528,
          0.5905511811023622
        ],
        "roc_auc": [
          0.6584916913142211,
          0.632228782923765,
          0.6825271733187094
        ],
        "n_resamples": 1000
      },
      "paired_delta": {
        "delta_mrr_mean": 0.011596467108278132,
        "delta_mrr_ci": [
          0.004162969212181811,
          0.020846118193559134
        ],
        "ci_excludes_zero": true,
        "n_resamples": 1000
      },
      "perm_importance": {
        "observed_mean": 0.011596467108278132,
        "null_lo": -0.008047067033287506,
        "null_hi": 0.007891773944923554,
        "ci_excludes_zero": true
      },
      "decision": "KEEP"
    },
    "source_out_degree_ratio": {
      "n": 381,
      "blended_score": {
        "mrr": 0.3163357666907678,
        "recall_at_5": 0.5406824146981627,
        "roc_auc": 0.6485480981543974,
        "n_anchors": 381
      },
      "ci": {
        "mrr": [
          0.3159455951389318,
          0.2853630332263228,
          0.3454358383179521
        ],
        "recall_at_5": [
          0.5402913385826771,
          0.48556430446194226,
          0.5905511811023622
        ],
        "roc_auc": [
          0.6484322159809321,
          0.6219632275563314,
          0.6739124183350956
        ],
        "n_resamples": 1000
      },
      "paired_delta": {
        "delta_mrr_mean": 0.0020122484689413826,
        "delta_mrr_ci": [
          -0.0006561679790026246,
          0.006561679790026247
        ],
        "ci_excludes_zero": false,
        "n_resamples": 1000
      },
      "perm_importance": {
        "observed_mean": 0.0020122484689413826,
        "null_lo": -0.0026246719160104987,
        "null_hi": 0.0026246719160104987,
        "ci_excludes_zero": false
      },
      "decision": "DROP"
    },
    "mutual_reciprocal_rank": {
      "n": 381,
      "blended_score": {
        "mrr": 0.32276697872063664,
        "recall_at_5": 0.5538057742782152,
        "roc_auc": 0.653704561439624,
        "n_anchors": 381
      },
      "ci": {
        "mrr": [
          0.3225694114132344,
          0.2924346076728393,
          0.35269266762857704
        ],
        "recall_at_5": [
          0.553496062992126,
          0.5013123359580053,
          0.6036745406824147
        ],
        "roc_auc": [
          0.6535196048292966,
          0.6273918720545593,
          0.6787664739277315
        ],
        "n_resamples": 1000
      },
      "paired_delta": {
        "delta_mrr_mean": 0.008443460498810198,
        "delta_mrr_ci": [
          0.0006744206272344298,
          0.01726889489192639
        ],
        "ci_excludes_zero": true,
        "n_resamples": 1000
      },
      "perm_importance": {
        "observed_mean": 0.008443460498810198,
        "null_lo": -0.009968674955069121,
        "null_hi": 0.00924652995692829,
        "ci_excludes_zero": false
      },
      "decision": "DROP"
    }
  }
}