{
  "blend": 0.1,
  "rng_seed": 20260407,
  "baseline": {
    "mrr": 0.3887170222048082,
    "recall_at_5": 0.6365853658536585,
    "roc_auc": 0.7188867199539729,
    "n_anchors": 410
  },
  "features": {
    "shared_parent_centrality": {
      "n": 410,
      "blended_score": {
        "mrr": 0.38589472255324025,
        "recall_at_5": 0.6365853658536585,
        "roc_auc": 0.7180467257073582,
        "n_anchors": 410
      },
      "ci": {
        "mrr": [
          0.38626408713450666,
          0.35587633976365995,
          0.4191240022093846
        ],
        "recall_at_5": [
          0.6377585365853659,
          0.5926829268292683,
          0.6829268292682927
        ],
        "roc_auc": [
          0.7183158949313204,
          0.6940303573707677,
          0.7412089971656209
        ],
        "n_resamples": 1000
      },
      "paired_delta": {
        "delta_mrr_mean": -0.0028222996515679445,
        "delta_mrr_ci": [
          -0.007700929152148665,
          0.00042973286875725916
        ],
        "ci_excludes_zero": false,
        "n_resamples": 1000
      },
      "perm_importance": {
        "observed_mean": -0.0028222996515679445,
        "null_lo": -0.0036353077816492453,
        "null_hi": 0.0036353077816492453,
        "ci_excludes_zero": false
      },
      "decision": "DROP"
    },
    "confidence_weighted_bridge_depth": {
      "n": 410,
      "blended_score": {
        "mrr": 0.38589472255324025,
        "recall_at_5": 0.6365853658536585,
        "roc_auc": 0.7180467257073582,
        "n_anchors": 410
      },
      "ci": {
        "mrr": [
          0.38626408713450666,
          0.35587633976365995,
          0.4191240022093846
        ],
        "recall_at_5": [
          0.6377585365853659,
          0.5926829268292683,
          0.6829268292682927
        ],
        "roc_auc": [
          0.7183158949313204,
          0.6940303573707677,
          0.7412089971656209
        ],
        "n_resamples": 1000
      },
      "paired_delta": {
        "delta_mrr_mean": -0.0028222996515679445,
        "delta_mrr_ci": [
          -0.007700929152148665,
          0.00042973286875725916
        ],
        "ci_excludes_zero": false,
        "n_resamples": 1000
      },
      "perm_importance": {
        "observed_mean": -0.0028222996515679445,
        "null_lo": -0.0036353077816492453,
        "null_hi": 0.0036353077816492453,
        "ci_excludes_zero": false
      },
      "decision": "DROP"
    }
  }
}