{
  "blend": 0.1,
  "rng_seed": 20260407,
  "baseline": {
    "mrr": 0.3887170222048082,
    "recall_at_5": 0.6365853658536585,
    "roc_auc": 0.7188867199539729,
    "n_anchors": 410
  },
  "features": {
    "mutual_reciprocal_rank": {
      "n": 410,
      "blended_score": {
        "mrr": 0.3943273918288077,
        "recall_at_5": 0.6365853658536585,
        "roc_auc": 0.7246302422586147,
        "n_anchors": 410
      },
      "ci": {
        "mrr": [
          0.3947192140287746,
          0.3634908069274102,
          0.4271577937582147
        ],
        "recall_at_5": [
          0.6377731707317073,
          0.5902439024390244,
          0.6854268292682927
        ],
        "roc_auc": [
          0.7249336264529586,
          0.7010439984733012,
          0.7476795707728062
        ],
        "n_resamples": 1000
      },
      "paired_delta": {
        "delta_mrr_mean": 0.005610369623999467,
        "delta_mrr_ci": [
          -0.0041458803929212825,
          0.016197289499118767
        ],
        "ci_excludes_zero": false,
        "n_resamples": 1000
      },
      "perm_importance": {
        "observed_mean": 0.005610369623999467,
        "null_lo": -0.010310551844536778,
        "null_hi": 0.010229896896503785,
        "ci_excludes_zero": false
      },
      "decision": "DROP"
    }
  }
}