{
  "blend": 0.05,
  "rng_seed": 20260407,
  "baseline": {
    "mrr": 0.391845502802801,
    "recall_at_5": 0.6317073170731707,
    "roc_auc": 0.7211917726590914,
    "n_anchors": 410
  },
  "features": {
    "mitigation_lexical_match": {
      "n": 410,
      "blended_score": {
        "mrr": 0.38918386904360625,
        "recall_at_5": 0.6317073170731707,
        "roc_auc": 0.7251044855857152,
        "n_anchors": 410
      },
      "ci": {
        "mrr": [
          0.3896771351704816,
          0.35803042378210864,
          0.42235815355336515
        ],
        "recall_at_5": [
          0.6329829268292682,
          0.5853658536585366,
          0.6804878048780488
        ],
        "roc_auc": [
          0.7254376867656379,
          0.7022888567276382,
          0.7472786870361314
        ],
        "n_resamples": 1000
      },
      "paired_delta": {
        "delta_mrr_mean": -0.0026616337591947358,
        "delta_mrr_ci": [
          -0.008695460704607045,
          0.0020557733255903983
        ],
        "ci_excludes_zero": false,
        "n_resamples": 1000
      },
      "perm_importance": {
        "observed_mean": -0.0026616337591947358,
        "null_lo": -0.005168408826945413,
        "null_hi": 0.0047534843205574925,
        "ci_excludes_zero": false
      },
      "decision": "DROP"
    }
  }
}