{
  "n_per_anchor": 20,
  "rng_seed": 20260407,
  "n_anchors": 381,
  "baseline": {
    "mrr": 0.3402135111393785,
    "recall_at_5": 0.5433070866141733,
    "roc_auc": 0.6561008305334383,
    "n_anchors": 381,
    "ci": {
      "mrr": [
        0.3395448973094938,
        0.3066821595476583,
        0.3707708560740011
      ],
      "recall_at_5": [
        0.5428162729658793,
        0.490748031496063,
        0.5905511811023622
      ],
      "roc_auc": [
        0.6558367015937615,
        0.6289714804167498,
        0.68074677523181
      ],
      "n_resamples": 1000
    }
  },
  "reranker_v2": {
    "mrr": 0.23369242293847983,
    "recall_at_5": 0.29396325459317585,
    "roc_auc": 0.4549196056375306,
    "n_anchors": 381,
    "ci": {
      "mrr": [
        0.23327982158283558,
        0.20612976973594854,
        0.2643146014511443
      ],
      "recall_at_5": [
        0.29325459317585295,
        0.24934383202099739,
        0.336023622047244
      ],
      "roc_auc": [
        0.45449959734368256,
        0.4275946352350098,
        0.4800166282059921
      ],
      "n_resamples": 1000
    }
  },
  "paired_delta": {
    "delta_mrr_mean": -0.10652108820089853,
    "delta_mrr_ci": [
      -0.12691443502086983,
      -0.08746377037364428
    ],
    "ci_excludes_zero": true,
    "n_resamples": 1000
  },
  "decision": "DROP",
  "per_pair": [
    {
      "pair": "aiuc_1__eu_gpai_cop",
      "n": 60,
      "baseline_mrr": 0.12017580931280623,
      "reranker_mrr": 0.06777585496432245
    },
    {
      "pair": "aiuc_1__nist_rmf",
      "n": 152,
      "baseline_mrr": 0.31354483591020177,
      "reranker_mrr": 0.1619649640796985
    },
    {
      "pair": "aiuc_1__owasp_agentic",
      "n": 109,
      "baseline_mrr": 0.4545725935634192,
      "reranker_mrr": 0.35303990097568083
    },
    {
      "pair": "aiuc_1__owasp_llm",
      "n": 60,
      "baseline_mrr": 0.42005952380952377,
      "reranker_mrr": 0.36450396825396825
    }
  ]
}