{
  "bridge_score": {
    "+15%": 17,
    "-15%": 15,
    "pct_changed": 0.03353057199211045
  },
  "semantic_score": {
    "+15%": 0,
    "-15%": 0,
    "pct_changed": 0.0
  },
  "keyword_score": {
    "+15%": 1,
    "-15%": 0,
    "pct_changed": 0.0019723865877712033
  },
  "function_match": {
    "+15%": 0,
    "-15%": 88,
    "pct_changed": 0.17357001972386588
  },
  "node2vec_score": {
    "+15%": 95,
    "-15%": 145,
    "pct_changed": 0.2859960552268245
  }
}