{
  "bridge_score": {
    "+15%": 6,
    "-15%": 10,
    "pct_changed": 0.01972386587771203
  },
  "semantic_score": {
    "+15%": 9,
    "-15%": 11,
    "pct_changed": 0.021696252465483234
  },
  "keyword_score": {
    "+15%": 0,
    "-15%": 1,
    "pct_changed": 0.0019723865877712033
  },
  "function_match": {
    "+15%": 0,
    "-15%": 38,
    "pct_changed": 0.07495069033530571
  },
  "node2vec_score": {
    "+15%": 55,
    "-15%": 54,
    "pct_changed": 0.10848126232741617
  }
}