{
  "models": {
    "logistic": {
      "coefficients": {
        "bridge_score": 5.430315938106526,
        "semantic_score": 0.14692725118032854,
        "keyword_score": 1.4750121599383013,
        "function_match": 2.75953662720961,
        "intercept": -3.048162599527955
      }
    },
    "lightgbm": {
      "feature_importance": {
        "bridge_score": 5814.83060631156,
        "semantic_score": 489.45115542411804,
        "keyword_score": 85.69170188903809,
        "function_match": 0.0
      }
    },
    "ordinal": {
      "coefficients": {
        "bridge_score": 80.04034477157043,
        "semantic_score": 0.800062677967701,
        "keyword_score": 8.018878195686495,
        "function_match": 1.2722240101399707
      }
    }
  },
  "evaluations": {
    "Hand-tuned": {
      "train": {
        "accuracy": 0.777120315581854,
        "precision": 1.0,
        "recall": 0.02586206896551724,
        "f1": 0.05042016806722689,
        "roc_auc": 0.6595158303201342
      },
      "holdout": {
        "accuracy": 0.0,
        "precision": 0.0,
        "recall": 0.0,
        "f1": 0.0,
        "roc_auc": NaN
      },
      "nist": {
        "accuracy": 0.9055555555555556,
        "precision": 0.0,
        "recall": 0.0,
        "f1": 0.0,
        "roc_auc": 0.5678574738207767
      }
    },
    "Logistic": {
      "train": {
        "accuracy": 0.6134122287968442,
        "precision": 0.37012987012987014,
        "recall": 0.9827586206896551,
        "f1": 0.5377358490566038,
        "roc_auc": 0.9529940911896994
      },
      "holdout": {
        "accuracy": 1.0,
        "precision": 1.0,
        "recall": 1.0,
        "f1": 1.0,
        "roc_auc": NaN
      },
      "nist": {
        "accuracy": 0.6944444444444444,
        "precision": 0.16228070175438597,
        "recall": 0.5606060606060606,
        "f1": 0.25170068027210885,
        "roc_auc": 0.6972940413307386
      }
    },
    "LightGBM": {
      "train": {
        "accuracy": 0.9309664694280079,
        "precision": 0.7832167832167832,
        "recall": 0.9655172413793104,
        "f1": 0.8648648648648649,
        "roc_auc": 0.9776876267748479
      },
      "holdout": {
        "accuracy": 1.0,
        "precision": 1.0,
        "recall": 1.0,
        "f1": 1.0,
        "roc_auc": NaN
      },
      "nist": {
        "accuracy": 0.7291666666666666,
        "precision": 0.11377245508982035,
        "recall": 0.2878787878787879,
        "f1": 0.1630901287553648,
        "roc_auc": 0.556644425910481
      }
    },
    "Ordinal": {
      "train": {
        "accuracy": 0.8500986193293886,
        "precision": 0.9347826086956522,
        "recall": 0.3706896551724138,
        "f1": 0.5308641975308642,
        "roc_auc": 0.9687582679248611,
        "tier_accuracy": 0.7810650887573964
      },
      "holdout": {
        "accuracy": 1.0,
        "precision": 1.0,
        "recall": 1.0,
        "f1": 1.0,
        "roc_auc": NaN,
        "tier_accuracy": 0.0
      },
      "nist": {
        "accuracy": 0.8111111111111111,
        "precision": 0.1111111111111111,
        "recall": 0.15151515151515152,
        "f1": 0.1282051282051282,
        "roc_auc": 0.6070799740524511,
        "tier_accuracy": 0.7597222222222222
      }
    }
  },
  "best_model": "Hand-tuned",
  "hand_weights": {
    "bridge": 0.467,
    "semantic": 0.333,
    "keyword": 0.2
  },
  "compare_logistic_vs_hand_nist": {
    "agreement_rate": 0.6833333333333333,
    "confusion": {
      "0": {
        "0": 491,
        "1": 1
      },
      "1": {
        "0": 227,
        "1": 1
      }
    }
  },
  "weight_stability_logistic": {
    "bridge_score": {
      "+15%": 7,
      "-15%": 4,
      "pct_changed": 0.013806706114398421
    },
    "semantic_score": {
      "+15%": 4,
      "-15%": 1,
      "pct_changed": 0.007889546351084813
    },
    "keyword_score": {
      "+15%": 0,
      "-15%": 1,
      "pct_changed": 0.0019723865877712033
    },
    "function_match": {
      "+15%": 0,
      "-15%": 159,
      "pct_changed": 0.3136094674556213
    }
  }
}