{
  "bridge_score": {
    "+15%": 7,
    "-15%": 4,
    "pct_changed": 0.013806706114398421
  },
  "semantic_score": {
    "+15%": 4,
    "-15%": 1,
    "pct_changed": 0.007889546351084813
  },
  "keyword_score": {
    "+15%": 0,
    "-15%": 1,
    "pct_changed": 0.0019723865877712033
  },
  "function_match": {
    "+15%": 0,
    "-15%": 159,
    "pct_changed": 0.3136094674556213
  }
}