{
  "models": {
    "logistic": {
      "coefficients": {
        "bridge_score": 4.656765485989415,
        "semantic_score": 0.013540168330904856,
        "keyword_score": 1.2965666786473524,
        "function_match": 2.5336621063095968,
        "node2vec_score": 6.045526108330011,
        "intercept": -7.03808053780218
      }
    },
    "lightgbm": {
      "feature_importance": {
        "bridge_score": 5579.089225775824,
        "semantic_score": 167.8456957516173,
        "keyword_score": 31.076725650578737,
        "function_match": 17.662449955940247,
        "node2vec_score": 2201.3956201944384
      }
    },
    "ordinal": {
      "coefficients": {
        "bridge_score": 71.72549109277087,
        "semantic_score": -0.05007245534987721,
        "keyword_score": 7.905017850451938,
        "function_match": 0.4739256671934569,
        "node2vec_score": 48.6169391414557
      }
    }
  },
  "evaluations": {
    "Hand-tuned": {
      "train": {
        "accuracy": 0.777120315581854,
        "precision": 1.0,
        "recall": 0.02586206896551724,
        "f1": 0.05042016806722689,
        "roc_auc": 0.6595158303201342
      },
      "holdout": {
        "accuracy": 0.0,
        "precision": 0.0,
        "recall": 0.0,
        "f1": 0.0,
        "roc_auc": NaN
      },
      "nist": {
        "accuracy": 0.9055555555555556,
        "precision": 0.0,
        "recall": 0.0,
        "f1": 0.0,
        "roc_auc": 0.5678574738207767
      }
    },
    "Logistic": {
      "train": {
        "accuracy": 0.7712031558185405,
        "precision": 0.5,
        "recall": 0.9827586206896551,
        "f1": 0.6627906976744186,
        "roc_auc": 0.9792971161478086
      },
      "holdout": {
        "accuracy": 1.0,
        "precision": 1.0,
        "recall": 1.0,
        "f1": 1.0,
        "roc_auc": NaN
      },
      "nist": {
        "accuracy": 0.7666666666666667,
        "precision": 0.1554054054054054,
        "recall": 0.3484848484848485,
        "f1": 0.21495327102803738,
        "roc_auc": 0.691108331016588
      }
    },
    "LightGBM": {
      "train": {
        "accuracy": 0.980276134122288,
        "precision": 0.9416666666666667,
        "recall": 0.9741379310344828,
        "f1": 0.9576271186440678,
        "roc_auc": 0.9981038892318548
      },
      "holdout": {
        "accuracy": 1.0,
        "precision": 1.0,
        "recall": 1.0,
        "f1": 1.0,
        "roc_auc": NaN
      },
      "nist": {
        "accuracy": 0.8055555555555556,
        "precision": 0.16363636363636364,
        "recall": 0.2727272727272727,
        "f1": 0.20454545454545456,
        "roc_auc": 0.5462654063571495
      }
    },
    "Ordinal": {
      "train": {
        "accuracy": 0.8599605522682445,
        "precision": 1.0,
        "recall": 0.3879310344827586,
        "f1": 0.5590062111801242,
        "roc_auc": 0.9907619719551989,
        "tier_accuracy": 0.7830374753451677
      },
      "holdout": {
        "accuracy": 1.0,
        "precision": 1.0,
        "recall": 1.0,
        "f1": 1.0,
        "roc_auc": NaN,
        "tier_accuracy": 0.0
      },
      "nist": {
        "accuracy": 0.8513888888888889,
        "precision": 0.15254237288135594,
        "recall": 0.13636363636363635,
        "f1": 0.144,
        "roc_auc": 0.5777499768325456,
        "tier_accuracy": 0.7791666666666667
      }
    }
  },
  "best_model": "Hand-tuned",
  "hand_weights": {
    "bridge": 0.467,
    "semantic": 0.333,
    "keyword": 0.2
  },
  "compare_logistic_vs_hand_nist": {
    "agreement_rate": 0.7944444444444444,
    "confusion": {
      "0": {
        "0": 571,
        "1": 1
      },
      "1": {
        "0": 147,
        "1": 1
      }
    }
  },
  "weight_stability_logistic": {
    "bridge_score": {
      "+15%": 17,
      "-15%": 15,
      "pct_changed": 0.03353057199211045
    },
    "semantic_score": {
      "+15%": 0,
      "-15%": 0,
      "pct_changed": 0.0
    },
    "keyword_score": {
      "+15%": 1,
      "-15%": 0,
      "pct_changed": 0.0019723865877712033
    },
    "function_match": {
      "+15%": 0,
      "-15%": 88,
      "pct_changed": 0.17357001972386588
    },
    "node2vec_score": {
      "+15%": 95,
      "-15%": 145,
      "pct_changed": 0.2859960552268245
    }
  }
}