{
  "version": "vfinal",
  "timestamp": "2026-04-24T20:34:18",
  "test_size": 179,
  "exact_acc": 0.7988826815642458,
  "exact_acc_ci": [
    0.7374301675977654,
    0.8603351955307262
  ],
  "adjacent_acc": 0.9217877094972067,
  "macro_f1": 0.5581127054611145,
  "macro_f1_ci": [
    0.4358977735924591,
    0.6605509152621785
  ],
  "per_class": {
    "UNRELATED": {
      "f1": 0.9277566539923955,
      "precision": 0.9172932330827067,
      "recall": 0.9384615384615385,
      "support": 130.0,
      "ci_lo": 0.8945147679324894,
      "ci_hi": 0.9586206896551724
    },
    "PARTIAL": {
      "f1": 0.5263157894736842,
      "precision": 0.5,
      "recall": 0.5555555555555556,
      "support": 18.0,
      "ci_lo": 0.32,
      "ci_hi": 0.7097132616487455
    },
    "RELATED": {
      "f1": 0.3783783783783784,
      "precision": 0.5384615384615384,
      "recall": 0.2916666666666667,
      "support": 24.0,
      "ci_lo": 0.17647058823529413,
      "ci_hi": 0.5714285714285714
    },
    "EQUIVALENT": {
      "f1": 0.4,
      "precision": 0.3076923076923077,
      "recall": 0.5714285714285714,
      "support": 7.0,
      "ci_lo": 0.09988095238095239,
      "ci_hi": 0.6666666666666666
    }
  },
  "confusion_matrix": [
    [
      122,
      5,
      3,
      0
    ],
    [
      3,
      10,
      2,
      3
    ],
    [
      6,
      5,
      7,
      6
    ],
    [
      2,
      0,
      1,
      4
    ]
  ],
  "single_model_ce": {
    "roberta": {
      "macro_f1": 0.49371091115461174,
      "exact_acc": 0.776536312849162
    },
    "deberta_base": {
      "macro_f1": 0.46624839124839124,
      "exact_acc": 0.7318435754189944
    },
    "bge": {
      "macro_f1": 0.44318133703877627,
      "exact_acc": 0.6759776536312849
    }
  },
  "best_ce": {
    "name": "roberta",
    "macro_f1": 0.49371091115461174
  },
  "zero_shot_baseline": {
    "zero_shot_bge_accuracy": 0.1452513966480447,
    "zero_shot_bge_macro_f1": 0.10345238095238095
  },
  "v7c_comparison": {
    "exact_acc": null,
    "macro_f1": 0.5121527777777778,
    "adjacent_acc": 0.9441340782122905
  },
  "improvement_over_v7c": {
    "exact_acc_delta": null,
    "macro_f1_delta": 0.04595992768333668
  }
}