{
  "version": "v6-reframed",
  "binary": {
    "accuracy": 0.7275,
    "macro_f1": 0.7146129929635084,
    "confusion_matrix": [
      [
        103,
        53
      ],
      [
        56,
        188
      ]
    ]
  },
  "tier4": {
    "method": "GBM {'n_estimators': 500, 'learning_rate': 0.05, 'min_samples_leaf': 5}",
    "accuracy": 0.5325,
    "macro_f1": 0.4888092092122851,
    "adjacent_accuracy": 0.8425,
    "confusion_matrix": [
      [
        48,
        9,
        20,
        1
      ],
      [
        19,
        24,
        35,
        0
      ],
      [
        34,
        17,
        119,
        16
      ],
      [
        4,
        4,
        28,
        22
      ]
    ],
    "feature_importances": {
      "llm_final_score": 0.07701928458053657,
      "llm_final_tier": 0.0009644720405865893,
      "llm_confidence": 0.008413413440372199,
      "llm_is_unanimous": 0.009499682993511073,
      "llm_sonnet_1": 0.04068438380769648,
      "llm_sonnet_2": 0.027068553476352866,
      "llm_sonnet_3": 0.062316784132393534,
      "depth_diff": 0.0222534945498727,
      "depth_src": 0.01084620666577225,
      "depth_tgt": 0.027371422895708153,
      "len_src": 0.09391814614213305,
      "len_tgt": 0.08397641195356459,
      "len_diff": 0.0637836762803649,
      "len_ratio": 0.08436250979378833,
      "n2v_cosine": 0.14074271375905864,
      "gat_cosine": 0.1548584622185661,
      "has_technique": 0.014259343752374622,
      "has_mitigation": 0.006557567477431747,
      "is_activity_subcategory": 0.0010844702881590712,
      "is_activity_risk": 0.004944946605577123,
      "opus_score": 0.037923994000078065,
      "opus_confidence": 0.0271500591461013
    }
  },
  "cascade": {
    "accuracy": 0.52,
    "macro_f1": 0.4643488090856511,
    "adjacent_accuracy": 0.86,
    "confusion_matrix": [
      [
        49,
        12,
        16,
        1
      ],
      [
        22,
        20,
        34,
        2
      ],
      [
        29,
        19,
        119,
        19
      ],
      [
        4,
        4,
        30,
        20
      ]
    ]
  },
  "conformal": {
    "alpha": 0.1,
    "q_hat": 0.9995149638838136,
    "coverage": 0.9375,
    "mean_set_size": 3.2025,
    "per_tier": {
      "Unrelated": {
        "coverage": 0.9615384615384616,
        "mean_set_size": 2.8974358974358974,
        "n": 78
      },
      "Partial": {
        "coverage": 0.9102564102564102,
        "mean_set_size": 3.3461538461538463,
        "n": 78
      },
      "Related": {
        "coverage": 0.9516129032258065,
        "mean_set_size": 3.2903225806451615,
        "n": 186
      },
      "Equivalent": {
        "coverage": 0.896551724137931,
        "mean_set_size": 3.1379310344827585,
        "n": 58
      }
    },
    "set_sizes": [
      4,
      4,
      4,
      4,
      4,
      3,
      4,
      4,
      1,
      4,
      3,
      3,
      1,
      4,
      4,
      4,
      4,
      3,
      3,
      4,
      4,
      2,
      4,
      3,
      3,
      4,
      4,
      2,
      1,
      4,
      4,
      4,
      3,
      4,
      4,
      4,
      2,
      3,
      1,
      4,
      1,
      4,
      4,
      2,
      3,
      2,
      4,
      3,
      3,
      4,
      3,
      4,
      4,
      2,
      3,
      3,
      4,
      3,
      3,
      3,
      4,
      4,
      4,
      4,
      4,
      4,
      4,
      4,
      4,
      4,
      4,
      4,
      3,
      2,
      3,
      3,
      1,
      2,
      2,
      4,
      1,
      2,
      4,
      1,
      2,
      4,
      3,
      4,
      3,
      1,
      4,
      4,
      3,
      2,
      1,
      4,
      3,
      3,
      2,
      3,
      4,
      4,
      3,
      2,
      4,
      2,
      1,
      3,
      4,
      4,
      3,
      4,
      4,
      4,
      4,
      4,
      4,
      4,
      3,
      2,
      4,
      4,
      4,
      4,
      3,
      4,
      1,
      4,
      3,
      3,
      3,
      4,
      4,
      3,
      4,
      4,
      3,
      4,
      3,
      3,
      4,
      3,
      3,
      2,
      3,
      3,
      2,
      2,
      3,
      3,
      2,
      1,
      2,
      4,
      3,
      3,
      3,
      3,
      3,
      4,
      4,
      4,
      3,
      3,
      2,
      4,
      4,
      2,
      4,
      4,
      2,
      4,
      3,
      3,
      4,
      4,
      3,
      4,
      3,
      2,
      4,
      3,
      3,
      4,
      1,
      3,
      4,
      4,
      3,
      2,
      3,
      4,
      4,
      4,
      3,
      4,
      4,
      4,
      4,
      4,
      4,
      4,
      2,
      2,
      4,
      4,
      3,
      3,
      4,
      4,
      4,
      4,
      4,
      3,
      3,
      4,
      4,
      4,
      3,
      4,
      4,
      4,
      3,
      2,
      4,
      3,
      3,
      4,
      4,
      3,
      3,
      1,
      4,
      1,
      2,
      4,
      4,
      1,
      1,
      1,
      4,
      4,
      4,
      3,
      1,
      3,
      2,
      3,
      4,
      4,
      4,
      4,
      3,
      4,
      3,
      4,
      4,
      4,
      4,
      4,
      4,
      4,
      4,
      2,
      4,
      4,
      2,
      2,
      4,
      3,
      3,
      3,
      4,
      4,
      4,
      3,
      4,
      4,
      4,
      4,
      2,
      4,
      2,
      2,
      3,
      3,
      4,
      4,
      4,
      4,
      2,
      2,
      2,
      3,
      4,
      3,
      3,
      2,
      4,
      3,
      3,
      3,
      4,
      4,
      2,
      3,
      2,
      3,
      3,
      4,
      2,
      3,
      4,
      4,
      4,
      3,
      3,
      4,
      4,
      4,
      4,
      4,
      3,
      4,
      3,
      3,
      3,
      2,
      2,
      4,
      1,
      2,
      3,
      3,
      3,
      2,
      3,
      2,
      3,
      4,
      3,
      2,
      3,
      4,
      4,
      2,
      4,
      1,
      3,
      4,
      1,
      2,
      3,
      2,
      3,
      2,
      3,
      4,
      4,
      3,
      3,
      3,
      4,
      3,
      4,
      3,
      4,
      4,
      3,
      3,
      4,
      4,
      3,
      4,
      2,
      3,
      1,
      2,
      3,
      4,
      3,
      3,
      3,
      3,
      2,
      4,
      4,
      4,
      3,
      2,
      3,
      3,
      4,
      3,
      4,
      2,
      3,
      4,
      4,
      4
    ]
  },
  "ablation": [
    {
      "name": "LLM only (7d)",
      "accuracy": 0.4675,
      "macro_f1": 0.41798258405600053,
      "adjacent_accuracy": 0.8575
    },
    {
      "name": "Structural only (13d)",
      "accuracy": 0.3925,
      "macro_f1": 0.31709223449969304,
      "adjacent_accuracy": 0.75
    },
    {
      "name": "Opus only (2d)",
      "accuracy": 0.5225,
      "macro_f1": 0.3816248726243462,
      "adjacent_accuracy": 0.8425
    },
    {
      "name": "LLM+Struct (20d)",
      "accuracy": 0.495,
      "macro_f1": 0.44430782789190193,
      "adjacent_accuracy": 0.855
    },
    {
      "name": "LLM+Opus (9d)",
      "accuracy": 0.4625,
      "macro_f1": 0.4160475997432519,
      "adjacent_accuracy": 0.8175
    },
    {
      "name": "Struct+Opus (15d)",
      "accuracy": 0.495,
      "macro_f1": 0.4318225260335571,
      "adjacent_accuracy": 0.835
    },
    {
      "name": "All (22d)",
      "accuracy": 0.525,
      "macro_f1": 0.48014671470553827,
      "adjacent_accuracy": 0.85
    }
  ],
  "best_method": "4tier",
  "features": "LLM(7) + Structural(13) + Opus(2) = 22d",
  "n_cal": 150,
  "n_test": 400
}