{
  "num_leaves": 47,
  "learning_rate": 0.03941442534455072,
  "min_child_samples": 36,
  "subsample": 0.5546803101420292,
  "colsample_bytree": 0.5827673959779806,
  "reg_alpha": 0.013308196715500702,
  "reg_lambda": 1.1188637811508798e-08,
  "n_estimators": 386
}