{
  "num_leaves": 24,
  "learning_rate": 0.01594995535485416,
  "min_child_samples": 18,
  "subsample": 0.8007083870790055,
  "colsample_bytree": 0.5598425359855453,
  "reg_alpha": 0.0026635068625752564,
  "reg_lambda": 0.08544834260871258,
  "n_estimators": 242
}