{
  "alpha": 0.1,
  "n_cal": 50,
  "marginal_coverage": 0.92,
  "method": "marginal",
  "q_hat": 0.9999992220346406,
  "label_shift_applied": true,
  "source_prior": [
    0.5983363042186571,
    0.0011883541295306002,
    0.09848484848484848,
    0.30199049316696375
  ],
  "target_prior": [
    0.24074074074074073,
    0.18518518518518517,
    0.4074074074074074,
    0.16666666666666666
  ]
}