{
  "best_model": "Hand-tuned",
  "logistic_coefficients": {
    "bridge_score": 3.4468487022768666,
    "semantic_score": 0.8593944972676805,
    "keyword_score": 0.981569492603976,
    "function_match": 2.2570791726997324,
    "node2vec_score": 7.914174552013244,
    "intercept": -6.203218698010023
  },
  "lightgbm_feature_importance": {
    "bridge_score": 2180.547638248827,
    "semantic_score": 96.00232063170552,
    "keyword_score": 352.75821733273915,
    "function_match": 0.0,
    "node2vec_score": 5172.152205194434
  },
  "ordinal_coefficients": {
    "bridge_score": 59.21849608445663,
    "semantic_score": 1.07838760936272,
    "keyword_score": 22.668433017288805,
    "function_match": 0.6042666177770974,
    "node2vec_score": 26.31338842578054
  },
  "cv_accuracy": {
    "hand_tuned": 0.0,
    "logistic": 0.6,
    "lightgbm": 0.3,
    "ordinal": 0.1
  },
  "calibrated_thresholds": {
    "direct": 0.45,
    "related_primary": 0.25,
    "method": "cv-youden-j-on-masked-anchors",
    "n_folds": 5
  }
}