{
  "models": {
    "logistic": {
      "coefficients": {
        "bridge_score": 3.4468487022768666,
        "semantic_score": 0.8593944972676805,
        "keyword_score": 0.981569492603976,
        "function_match": 2.2570791726997324,
        "node2vec_score": 7.914174552013244,
        "intercept": -6.203218698010023
      }
    },
    "lightgbm": {
      "feature_importance": {
        "bridge_score": 2180.547638248827,
        "semantic_score": 96.00232063170552,
        "keyword_score": 352.75821733273915,
        "function_match": 0.0,
        "node2vec_score": 5172.152205194434
      }
    },
    "ordinal": {
      "coefficients": {
        "bridge_score": 59.21849608445663,
        "semantic_score": 1.07838760936272,
        "keyword_score": 22.668433017288805,
        "function_match": 0.6042666177770974,
        "node2vec_score": 26.31338842578054
      }
    }
  },
  "evaluations": {
    "Hand-tuned": {
      "train": {
        "accuracy": 0.7712031558185405,
        "precision": 0.0,
        "recall": 0.0,
        "f1": 0.0,
        "roc_auc": 0.7136872740100538
      },
      "holdout": {
        "accuracy": 0.0,
        "precision": 0.0,
        "recall": 0.0,
        "f1": 0.0,
        "roc_auc": NaN
      },
      "nist": {
        "accuracy": 0.9027777777777778,
        "precision": 0.0,
        "recall": 0.0,
        "f1": 0.0,
        "roc_auc": 0.5619729404133074
      }
    },
    "Logistic": {
      "train": {
        "accuracy": 0.873767258382643,
        "precision": 0.6477272727272727,
        "recall": 0.9827586206896551,
        "f1": 0.7808219178082192,
        "roc_auc": 0.9727268718581885
      },
      "holdout": {
        "accuracy": 1.0,
        "precision": 1.0,
        "recall": 1.0,
        "f1": 1.0,
        "roc_auc": NaN
      },
      "nist": {
        "accuracy": 0.8055555555555556,
        "precision": 0.16964285714285715,
        "recall": 0.2878787878787879,
        "f1": 0.21348314606741572,
        "roc_auc": 0.6557779631174125
      }
    },
    "LightGBM": {
      "train": {
        "accuracy": 0.9763313609467456,
        "precision": 0.940677966101695,
        "recall": 0.9568965517241379,
        "f1": 0.9487179487179487,
        "roc_auc": 0.9974424552429668
      },
      "holdout": {
        "accuracy": 0.6666666666666666,
        "precision": 1.0,
        "recall": 0.6666666666666666,
        "f1": 0.8,
        "roc_auc": NaN
      },
      "nist": {
        "accuracy": 0.8041666666666667,
        "precision": 0.1559633027522936,
        "recall": 0.25757575757575757,
        "f1": 0.19428571428571428,
        "roc_auc": 0.5598415346121768
      }
    },
    "Ordinal": {
      "train": {
        "accuracy": 0.8481262327416174,
        "precision": 0.975609756097561,
        "recall": 0.3448275862068966,
        "f1": 0.5095541401273885,
        "roc_auc": 0.9894170561777934,
        "tier_accuracy": 0.7810650887573964
      },
      "holdout": {
        "accuracy": 0.3333333333333333,
        "precision": 1.0,
        "recall": 0.3333333333333333,
        "f1": 0.5,
        "roc_auc": NaN,
        "tier_accuracy": 0.0
      },
      "nist": {
        "accuracy": 0.8638888888888889,
        "precision": 0.18,
        "recall": 0.13636363636363635,
        "f1": 0.15517241379310345,
        "roc_auc": 0.5856500787693447,
        "tier_accuracy": 0.8
      }
    }
  },
  "cv_accuracy": {
    "hand_tuned": 0.0,
    "logistic": 0.6,
    "lightgbm": 0.3,
    "ordinal": 0.1
  },
  "threshold_sweep": [
    {
      "direct": 0.45,
      "related_primary": 0.25,
      "tier_accuracy": 0.5,
      "youden_j": 0.0
    },
    {
      "direct": 0.45,
      "related_primary": 0.3,
      "tier_accuracy": 0.5,
      "youden_j": 0.0
    },
    {
      "direct": 0.5,
      "related_primary": 0.25,
      "tier_accuracy": 0.5,
      "youden_j": 0.0
    },
    {
      "direct": 0.5,
      "related_primary": 0.3,
      "tier_accuracy": 0.5,
      "youden_j": 0.0
    },
    {
      "direct": 0.55,
      "related_primary": 0.25,
      "tier_accuracy": 0.5,
      "youden_j": 0.0
    },
    {
      "direct": 0.55,
      "related_primary": 0.3,
      "tier_accuracy": 0.5,
      "youden_j": 0.0
    },
    {
      "direct": 0.6,
      "related_primary": 0.25,
      "tier_accuracy": 0.5,
      "youden_j": 0.0
    },
    {
      "direct": 0.6,
      "related_primary": 0.3,
      "tier_accuracy": 0.5,
      "youden_j": 0.0
    },
    {
      "direct": 0.4,
      "related_primary": 0.25,
      "tier_accuracy": 0.4,
      "youden_j": 0.0
    },
    {
      "direct": 0.4,
      "related_primary": 0.3,
      "tier_accuracy": 0.4,
      "youden_j": 0.0
    },
    {
      "direct": 0.65,
      "related_primary": 0.25,
      "tier_accuracy": 0.4,
      "youden_j": 0.0
    },
    {
      "direct": 0.65,
      "related_primary": 0.3,
      "tier_accuracy": 0.4,
      "youden_j": 0.0
    },
    {
      "direct": 0.45,
      "related_primary": 0.35,
      "tier_accuracy": 0.4,
      "youden_j": -0.09999999999999998
    },
    {
      "direct": 0.5,
      "related_primary": 0.35,
      "tier_accuracy": 0.4,
      "youden_j": -0.09999999999999998
    },
    {
      "direct": 0.55,
      "related_primary": 0.35,
      "tier_accuracy": 0.4,
      "youden_j": -0.09999999999999998
    },
    {
      "direct": 0.6,
      "related_primary": 0.35,
      "tier_accuracy": 0.4,
      "youden_j": -0.09999999999999998
    },
    {
      "direct": 0.45,
      "related_primary": 0.4,
      "tier_accuracy": 0.4,
      "youden_j": -0.4
    },
    {
      "direct": 0.5,
      "related_primary": 0.4,
      "tier_accuracy": 0.4,
      "youden_j": -0.4
    },
    {
      "direct": 0.55,
      "related_primary": 0.4,
      "tier_accuracy": 0.4,
      "youden_j": -0.4
    },
    {
      "direct": 0.6,
      "related_primary": 0.4,
      "tier_accuracy": 0.4,
      "youden_j": -0.4
    },
    {
      "direct": 0.4,
      "related_primary": 0.35,
      "tier_accuracy": 0.3,
      "youden_j": -0.09999999999999998
    },
    {
      "direct": 0.65,
      "related_primary": 0.35,
      "tier_accuracy": 0.3,
      "youden_j": -0.09999999999999998
    },
    {
      "direct": 0.65,
      "related_primary": 0.4,
      "tier_accuracy": 0.3,
      "youden_j": -0.4
    },
    {
      "direct": 0.5,
      "related_primary": 0.45,
      "tier_accuracy": 0.1,
      "youden_j": -0.9
    },
    {
      "direct": 0.55,
      "related_primary": 0.45,
      "tier_accuracy": 0.1,
      "youden_j": -0.9
    },
    {
      "direct": 0.6,
      "related_primary": 0.45,
      "tier_accuracy": 0.1,
      "youden_j": -0.9
    },
    {
      "direct": 0.65,
      "related_primary": 0.45,
      "tier_accuracy": 0.0,
      "youden_j": -0.9
    }
  ],
  "best_model": "Hand-tuned",
  "hand_weights": {
    "bridge": 0.467,
    "semantic": 0.333,
    "keyword": 0.2
  },
  "compare_logistic_vs_hand_nist": {
    "agreement_rate": 0.85,
    "confusion": {
      "0": {
        "0": 608,
        "1": 0
      },
      "1": {
        "0": 108,
        "1": 4
      }
    }
  },
  "weight_stability_logistic": {
    "bridge_score": {
      "+15%": 6,
      "-15%": 10,
      "pct_changed": 0.01972386587771203
    },
    "semantic_score": {
      "+15%": 9,
      "-15%": 11,
      "pct_changed": 0.021696252465483234
    },
    "keyword_score": {
      "+15%": 0,
      "-15%": 1,
      "pct_changed": 0.0019723865877712033
    },
    "function_match": {
      "+15%": 0,
      "-15%": 38,
      "pct_changed": 0.07495069033530571
    },
    "node2vec_score": {
      "+15%": 55,
      "-15%": 54,
      "pct_changed": 0.10848126232741617
    }
  }
}