{
  "component": "stacker",
  "metrics": {
    "train_acc": 1.0,
    "train_logloss": 0.0015534872961303371,
    "val_acc": 0.5277777777777778,
    "val_logloss": 2.441052096490378
  },
  "model_path": "runs/stacker/stacker-675becb7-20260414T180007/model.txt",
  "params": {
    "colsample_bytree": 0.5597037538324746,
    "learning_rate": 0.29996479826791894,
    "min_child_samples": 14,
    "n_estimators": 186,
    "num_leaves": 22,
    "reg_alpha": 1.4159672933796734e-08,
    "reg_lambda": 0.25437231438077185,
    "subsample": 0.7921395361430994
  },
  "run_id": "stacker-675becb7-20260414T180007",
  "status": "completed",
  "utc": "2026-04-14T18:00:24.464475+00:00"
}