{
  "alpha": 0.1,
  "n_train": 330,
  "n_cal": 110,
  "n_test": 110,
  "centroids": {
    "None": 0.26998285714285714,
    "Tangential": 0.2830984126984127,
    "Related": 0.28895677419354837,
    "Direct": 0.3218285714285714
  },
  "qhats": {
    "None": 0.08101714285714284,
    "Tangential": 0.0838984126984127,
    "Related": 0.08995677419354836,
    "Direct": 0.032571428571428584
  },
  "test_coverage": 0.8636363636363636,
  "avg_set_size": 3.1272727272727274,
  "needs_review_rate": 0.8727272727272727
}