{
  "alpha": 0.1,
  "coverage": {
    "0": 0.9583333333333334,
    "1": 0.9298245614035088,
    "2": 0.9964664310954063,
    "3": 1.0
  },
  "q_hat": {
    "0": 0.9513887418761745,
    "1": 0.9099834678002655,
    "2": 0.4253802931275039,
    "3": 0.9856325859284036
  }
}