{
  "alpha": 0.1,
  "coverage": {
    "0": 0.9583333333333334,
    "1": 0.9298245614035088,
    "2": 0.9045936395759717,
    "3": 1.0
  },
  "q_hat": {
    "0": 0.9776198494164954,
    "1": 0.9652434189528385,
    "2": 0.7543682243793763,
    "3": 0.9725106231119256
  }
}