{
  "human_cal": {
    "split": "human_cal",
    "n_scored": 138,
    "accuracy": 0.391304347826087,
    "adjacent_accuracy": 0.7681159420289855,
    "macro_f1": 0.34912633949901034,
    "weighted_f1": 0.3780251434585758,
    "cost_usd": -0.46275000000000077,
    "confusion_matrix": [
      [
        27,
        4,
        3,
        0
      ],
      [
        16,
        6,
        3,
        0
      ],
      [
        19,
        22,
        18,
        0
      ],
      [
        2,
        8,
        7,
        3
      ]
    ]
  }
}