{
  "zero_shot_bge_accuracy": 0.1452513966480447,
  "zero_shot_bge_macro_f1": 0.10345238095238095
}