{"baseline": {"hit_at_1": 0.06, "hit_at_20": 0.6133333333333333, "hit_at_5": 0.28, "mrr": 0.18163169798887707, "n_pairs_scored": 150}, "delta": {"hit_at_1": 0.0, "hit_at_20": 0.0, "hit_at_5": 0.0, "mrr": 0.0}, "enriched": {"hit_at_1": 0.06, "hit_at_20": 0.6133333333333333, "hit_at_5": 0.28, "mrr": 0.18163169798887707, "n_pairs_scored": 150}, "git_sha": "d1dab154c989cec65ce87df5aac38602942797da", "input_hashes": {"edges.json": "b8640e3511a44e5ec0441f8b1c2fa8bb973f78d22b98349ce75ac3f4b7d84840", "nodes.json": "ad96096ae7255ab86d7dae7929b5d6354f5eb7fa23e0042579c6d51a65139f07", "val_split": "f8f7ae71e6356f8cc9d4c92971120c67d26aded08fc04ad275677ac7975ce124"}, "run_id": "37a031cf-1443-4682-bcf4-2c71e52e7b7d", "upstream_crossref_edges_in_graph": 0, "utc": "2026-04-09T11:57:54.541621+00:00", "val_path": "data/splits/human_cal.jsonl"}
