{
  "tier_accuracy": 0.3775,
  "macro_f1": 0.34901898637260764,
  "method": "logreg_on_human_cal",
  "n_pairs": 400,
  "confusion_matrix": {
    "unrelated": {
      "unrelated": 36,
      "partial": 21,
      "related": 15,
      "equivalent": 6
    },
    "partial": {
      "unrelated": 23,
      "partial": 22,
      "related": 25,
      "equivalent": 8
    },
    "related": {
      "unrelated": 56,
      "partial": 23,
      "related": 76,
      "equivalent": 31
    },
    "equivalent": {
      "unrelated": 22,
      "partial": 2,
      "related": 17,
      "equivalent": 17
    }
  },
  "per_class": {
    "unrelated": {
      "accuracy": 0.46153846153846156,
      "count": 78,
      "f1": 0.33488372093023255
    },
    "partial": {
      "accuracy": 0.28205128205128205,
      "count": 78,
      "f1": 0.3013698630136986
    },
    "related": {
      "accuracy": 0.40860215053763443,
      "count": 186,
      "f1": 0.47648902821316613
    },
    "equivalent": {
      "accuracy": 0.29310344827586204,
      "count": 58,
      "f1": 0.2833333333333333
    }
  },
  "ablation": {
    "ensemble_raw": {
      "tier_accuracy": 0.395,
      "macro_f1": 0.3085860509960465
    },
    "logreg_on_human_cal": {
      "tier_accuracy": 0.3775,
      "macro_f1": 0.34901898637260764
    }
  },
  "bootstrap_ci_95": {
    "lower": 0.33,
    "point": 0.3775,
    "upper": 0.425
  },
  "conformal": {
    "marginal_coverage": 0.9275,
    "avg_set_size": 3.285,
    "q_hat": 0.9397301045239121,
    "alpha": 0.1,
    "n_cal": 50
  },
  "sacred_run": true,
  "timestamp": "2026-04-11T09:43:23+00:00"
}